{
  "n_obs": 1821,
  "coef_up": 0.999999999999989,
  "coef_down": 1.0000000000000022,
  "p_up": 0.0,
  "p_down": 0.0,
  "r_squared": 1.0
}