{
  "forecast_date": "2025-10-31",
  "point_forecast": 3.0539380580636895,
  "quantile_p10": 3.044687942917285,
  "quantile_p50": 3.0446893907141694,
  "quantile_p90": 3.066302359454987,
  "model_r2": 0.9999652164209706,
  "training_years": [
    2020,
    2021,
    2022,
    2023,
    2024
  ]
}