{
  "forecast_date": "2025-10-31",
  "point_forecast": 3.053938058063637,
  "quantile_p10": 3.0446879429112785,
  "quantile_p50": 3.0446893907156882,
  "quantile_p90": 3.0663023594550274,
  "model_r2": 0.9999652164209706,
  "training_years": [
    2020,
    2021,
    2022,
    2023,
    2024
  ]
}