{
  "train": {
    "rmse": 0.018305535995144864,
    "mae": 0.013015504808306653,
    "mape_pct": 0.37190416931012044,
    "r2": 0.9988046941647077,
    "bias": 4.836335493844144e-16
  },
  "test": {
    "rmse": 0.07685053012393997,
    "mae": 0.05896842275046752,
    "mape_pct": 1.8833068087452745,
    "r2": -7.7341915556840934,
    "bias": 0.05801894777162948
  },
  "weights": {
    "normal": {
      "coef": [
        -0.023119186228769188,
        -0.012591078358854773,
        -0.003651033926433384,
        1.0385208947242084
      ],
      "intercept": 0.002697814824606848
    },
    "crisis": {
      "coef": [
        -0.004025968882462007,
        0.0116134238827937,
        -0.02434137830605614,
        1.017049206542751
      ],
      "intercept": -0.0007123705989595663
    }
  },
  "horizon_days": 21
}