{
  "train": {
    "rmse": 0.12659830071344483,
    "mae": 0.09367996045725334,
    "mape_pct": 2.661329788466459,
    "r2": 0.9428297761356618,
    "bias": -1.9458325802617585e-16
  },
  "test": {
    "rmse": 0.1295913732451137,
    "mae": 0.11749999894208046,
    "mape_pct": 3.7187743087477783,
    "r2": -23.835971978159947,
    "bias": -0.11179646279449736
  },
  "n_train": 1415,
  "n_test": 31
}