{
  "train": {
    "rmse": 0.01883111770263606,
    "mae": 0.013412168530946896,
    "mape_pct": 0.38288619791435075,
    "r2": 0.9987350704566458,
    "bias": -3.868196403848545e-08
  },
  "test": {
    "rmse": 0.07375720722916797,
    "mae": 0.05583122955770647,
    "mape_pct": 1.7834227751840532,
    "r2": -7.045219643432896,
    "bias": 0.053706552495805235
  },
  "n_train": 1415,
  "n_test": 31
}