{
  "train": {
    "rmse": 0.13177207743778602,
    "mae": 0.09582759731245913,
    "mape_pct": 2.754152880941389,
    "r2": 0.9380614654610696,
    "bias": 1.2239914617775578e-17
  },
  "test": {
    "rmse": 0.1358681332289187,
    "mae": 0.12069483913216755,
    "mape_pct": 3.8196231866536685,
    "r2": -26.300097244559247,
    "bias": -0.11147004289055232
  },
  "n_train": 1415,
  "n_test": 31
}