{
  "train": {
    "rmse": 0.11727655005038114,
    "mae": 0.08382552444265992,
    "mape_pct": 2.3664818028607884,
    "r2": 0.9509389878502195,
    "bias": -2.2596765448201064e-16
  },
  "test": {
    "rmse": 0.05306687568287633,
    "mae": 0.041531907815889196,
    "mape_pct": 1.316541531486783,
    "r2": -3.1646260918327433,
    "bias": -0.01645762111943895
  },
  "n_train": 1415,
  "n_test": 31
}