{
  "train": {
    "rmse": 0.007170838206620874,
    "mae": 0.005559445481524966,
    "mape_pct": 0.2020848106444244,
    "r2": 0.999624370593632,
    "bias": -1.4338930600174436e-16
  },
  "test": {
    "rmse": 0.13842965079780925,
    "mae": 0.11592206051305534,
    "mape_pct": 3.4840335334023114,
    "r2": -2.3457045439541333,
    "bias": -0.11592206051305534
  },
  "weights": {
    "normal": {
      "coef": [
        0.20605145755292195,
        0.0313528549559005,
        0.01724308934265441,
        0.7454564097835708
      ],
      "intercept": -0.00028883294776793633
    },
    "crisis": {
      "coef": [
        0.20605145755292195,
        0.0313528549559005,
        0.01724308934265441,
        0.7454564097835708
      ],
      "intercept": -0.00028883294776793633
    }
  },
  "horizon_days": 21
}