{
  "train": {
    "rmse": 0.04894590206542796,
    "mae": 0.038313559463539475,
    "mape_pct": 1.377912598262456,
    "r2": 0.9824994212900171,
    "bias": 2.2413279870175573e-16
  },
  "test": {
    "rmse": 0.1335703056551944,
    "mae": 0.12214722122946715,
    "mape_pct": 3.6923104872930246,
    "r2": -2.1149363662538976,
    "bias": -0.12214722122946715
  },
  "n_train": 319,
  "n_test": 31
}