{
  "train": {
    "rmse": 0.002372016760720131,
    "mae": 0.001130809937772529,
    "mape_pct": 0.04160121542309228,
    "r2": 0.9999588987298297,
    "bias": -2.597905577182245e-09
  },
  "test": {
    "rmse": 0.140655486329956,
    "mae": 0.1180985597822494,
    "mape_pct": 3.5494837694535653,
    "r2": -2.454161926435509,
    "bias": -0.1180985597822494
  },
  "n_train": 319,
  "n_test": 31
}