{
  "train": {
    "rmse": 0.04355983272166894,
    "mae": 0.036052359922403805,
    "mape_pct": 1.2892462517885372,
    "r2": 0.9861390772528773,
    "bias": -6.960645922414775e-17
  },
  "test": {
    "rmse": 0.19153352445025174,
    "mae": 0.18512329209856265,
    "mape_pct": 5.6175289076996995,
    "r2": -5.404997138509563,
    "bias": -0.18512329209856265
  },
  "n_train": 319,
  "n_test": 31
}