{
  "train": {
    "rmse": 0.02586301534855098,
    "mae": 0.02017197112062988,
    "mape_pct": 0.7346456533439572,
    "r2": 0.9951137233569417,
    "bias": 4.8724521456903423e-17
  },
  "test": {
    "rmse": 0.13478601584470987,
    "mae": 0.09718927539477144,
    "mape_pct": 2.911042080850358,
    "r2": -2.171896529642653,
    "bias": -0.09718927539477144
  },
  "n_train": 319,
  "n_test": 31
}