{
  "train": {
    "rmse": 0.009339260388068663,
    "mae": 0.006076463213590396,
    "mape_pct": 0.17443263697257871,
    "r2": 0.9998329557605256,
    "bias": 9.15447055392673e-17
  },
  "test": {
    "rmse": 0.37075927696154226,
    "mae": 0.33888682495637495,
    "mape_pct": 8.810936414716748,
    "r2": -30.472408506174094,
    "bias": -0.33888682495637495
  },
  "weights": {
    "normal": {
      "coef": [
        0.011318311834000911,
        -0.01107309363223875,
        0.009717614924862814,
        0.9896101568116095
      ],
      "intercept": 0.0012317300980471124
    },
    "crisis": {
      "coef": [
        0.03184145724394522,
        0.00902160812605719,
        -0.02658537071729839,
        0.9836684873662174
      ],
      "intercept": 0.009020915895195714
    }
  },
  "horizon_days": 21
}