{
  "train": {
    "rmse": 0.12626700976956456,
    "mae": 0.09101844768560446,
    "mape_pct": 2.5780758622609925,
    "r2": 0.9694658154109509,
    "bias": 2.1035804677108228e-16
  },
  "test": {
    "rmse": 0.28704547183908874,
    "mae": 0.26742892008672803,
    "mape_pct": 6.9548923157003495,
    "r2": -17.86458810181597,
    "bias": -0.26742892008672803
  },
  "n_train": 684,
  "n_test": 31
}