{
  "train": {
    "rmse": 0.009088147410732503,
    "mae": 0.005860970339954296,
    "mape_pct": 0.16854865489808032,
    "r2": 0.9998418179277259,
    "bias": -1.0168070509032468e-08
  },
  "test": {
    "rmse": 0.3729068572947407,
    "mae": 0.34043497135469647,
    "mape_pct": 8.851004614610973,
    "r2": -30.83806504950243,
    "bias": -0.34043497135469647
  },
  "n_train": 684,
  "n_test": 31
}