{
  "train": {
    "rmse": 0.1395553084707364,
    "mae": 0.09854455005867306,
    "mape_pct": 2.843129934684241,
    "r2": 0.9627008223057067,
    "bias": -2.5970129230997812e-17
  },
  "test": {
    "rmse": 0.4459730755105359,
    "mae": 0.42399979521714926,
    "mape_pct": 11.046977584827996,
    "r2": -44.53687323906331,
    "bias": -0.42399979521714926
  },
  "n_train": 684,
  "n_test": 31
}