{
  "train": {
    "rmse": 0.11492418806462706,
    "mae": 0.0836504815050883,
    "mape_pct": 2.4272276635940315,
    "r2": 0.9747053063691206,
    "bias": -3.895519384649672e-18
  },
  "test": {
    "rmse": 0.2790308387318817,
    "mae": 0.26588315613784747,
    "mape_pct": 6.9216005511806316,
    "r2": -16.825853608840056,
    "bias": -0.26588315613784747
  },
  "n_train": 684,
  "n_test": 31
}