{
  "train": {
    "rmse": 0.01805834299539319,
    "mae": 0.013724370990613709,
    "mape_pct": 0.3838853838710171,
    "r2": 0.9953957592545459,
    "bias": -5.3828995133340925e-17
  },
  "test": {
    "rmse": 0.19581520845924658,
    "mae": 0.185961554891208,
    "mape_pct": 5.9633098608729656,
    "r2": -138.9452383807361,
    "bias": 0.185961554891208
  },
  "weights": {
    "normal": {
      "coef": [
        0.16356802632269776,
        0.016583446836512087,
        -0.0030631272605762395,
        0.8398893078848878
      ],
      "intercept": -0.05952754311713049
    },
    "crisis": {
      "coef": [
        0.1681080122970901,
        -0.10943034635940234,
        -0.04791452399755998,
        0.6337859243010777
      ],
      "intercept": 1.326704998993757
    }
  },
  "horizon_days": 21
}