{
  "train": {
    "rmse": 0.14009939255533463,
    "mae": 0.10942302239433137,
    "mape_pct": 3.035229788435567,
    "r2": 0.7228756208890339,
    "bias": 4.710037074167331e-16
  },
  "test": {
    "rmse": 0.30455691381448186,
    "mae": 0.30120260245156344,
    "mape_pct": 9.647184505603,
    "r2": -337.5339382904521,
    "bias": 0.30120260245156344
  },
  "n_train": 99,
  "n_test": 20
}