{
  "train": {
    "rmse": 0.004245866278081946,
    "mae": 0.0029373162013675283,
    "mape_pct": 0.08248495657770001,
    "r2": 0.9997454724173971,
    "bias": -2.2375194159886666e-08
  },
  "test": {
    "rmse": 0.16266376745559835,
    "mae": 0.1473790330186077,
    "mape_pct": 4.728665568577717,
    "r2": -95.57104727489605,
    "bias": 0.1473790330186077
  },
  "n_train": 99,
  "n_test": 20
}