{
  "train": {
    "rmse": 0.15382083355428325,
    "mae": 0.1345491981401748,
    "mape_pct": 3.8432692113258295,
    "r2": 0.6659337904006104,
    "bias": 9.868649107779169e-17
  },
  "test": {
    "rmse": 0.44175991359333094,
    "mae": 0.4286717919943722,
    "mape_pct": 13.734999993057716,
    "r2": -711.2589191502816,
    "bias": 0.4286717919943722
  },
  "n_train": 99,
  "n_test": 20
}