{
  "train": {
    "rmse": 0.08286479369552478,
    "mae": 0.06419561619088325,
    "mape_pct": 1.8059700406381833,
    "r2": 0.9030512228659449,
    "bias": 5.113754537667388e-16
  },
  "test": {
    "rmse": 0.38353722673901275,
    "mae": 0.3820910533251483,
    "mape_pct": 12.23869748910182,
    "r2": -535.8838435514131,
    "bias": 0.3820910533251483
  },
  "n_train": 99,
  "n_test": 20
}