{
  "train": {
    "rmse": 0.016017427339929127,
    "mae": 0.0110470753837931,
    "mape_pct": 0.3132772173923602,
    "r2": 0.9992957012092792,
    "bias": 3.4671979300972477e-16
  },
  "test": {
    "rmse": 0.15653071573011995,
    "mae": 0.13996176137166583,
    "mape_pct": 3.8958398007815886,
    "r2": -0.9401441909256854,
    "bias": 0.13996176137166583
  },
  "weights": {
    "normal": {
      "coef": [
        -0.0021455142785998123,
        -0.01718734689055103,
        -0.0009685051021860942,
        1.0200879884168803
      ],
      "intercept": 0.0007929777956268147
    },
    "crisis": {
      "coef": [
        0.005939882425181016,
        0.007121013514577741,
        -0.015336373573877344,
        1.0033776229469231
      ],
      "intercept": -0.004385677123843301
    }
  },
  "horizon_days": 21
}