{
  "train": {
    "rmse": 0.14140491209509268,
    "mae": 0.10797382502122567,
    "mape_pct": 3.054711910724224,
    "r2": 0.94510909263441,
    "bias": 1.4732416113233727e-16
  },
  "test": {
    "rmse": 0.09363217160541082,
    "mae": 0.07609360269926076,
    "mape_pct": 2.0809361933264725,
    "r2": 0.30579928311937044,
    "bias": -0.061572022452139406
  },
  "n_train": 1049,
  "n_test": 31
}