{
  "train": {
    "rmse": 0.016273607346797246,
    "mae": 0.011218004745850827,
    "mape_pct": 0.3182787767991904,
    "r2": 0.9992729921778347,
    "bias": -2.1603077262878018e-08
  },
  "test": {
    "rmse": 0.15178972598373924,
    "mae": 0.13525351022295226,
    "mape_pct": 3.7650523546787067,
    "r2": -0.8243981350065275,
    "bias": 0.13525351022295226
  },
  "n_train": 1049,
  "n_test": 31
}