{
  "train": {
    "rmse": 0.1452260057917807,
    "mae": 0.10615909061735082,
    "mape_pct": 3.0264204534039116,
    "r2": 0.9421024477318962,
    "bias": 8.890251102813455e-17
  },
  "test": {
    "rmse": 0.15014861436683005,
    "mae": 0.12300321571319725,
    "mape_pct": 3.4068933376599144,
    "r2": -0.7851615456777024,
    "bias": -0.11973971227922701
  },
  "n_train": 1049,
  "n_test": 31
}