{
  "train": {
    "rmse": 0.12702442343991102,
    "mae": 0.09154898573727045,
    "mape_pct": 2.5718753433180486,
    "r2": 0.9557058999548308,
    "bias": 1.502875781666084e-16
  },
  "test": {
    "rmse": 0.12806826213827355,
    "mae": 0.10350525084453485,
    "mape_pct": 2.8633579590427916,
    "r2": -0.29872708610701837,
    "bias": 0.06622763674726975
  },
  "n_train": 1049,
  "n_test": 31
}